Index,Customer Id,First Name,Last Name,Company,City,Country,Phone 1,Phone 2,Email,Subscription Date,Website
1,dE014d010c7ab0c,Andrew,Goodman,Stewart-Flynn,Rowlandberg,Macao,846-790-4623x4715,(422)787-2331x71127,marieyates@gomez-spencer.info,2021-07-26,http://www.shea.biz/
2,2B54172c8b65eC3,Alvin,Lane,"Terry, Proctor and Lawrence",Bethside,Papua New Guinea,124-597-8652x05682,321.441.0588x6218,alexandra86@mccoy.com,2021-06-24,http://www.pena-cole.com/
3,d794Dd48988d2ac,Jenna,Harding,Bailey Group,Moniquemouth,China,(335)987-3085x3780,001-680-204-8312,justincurtis@pierce.org,2020-04-05,http://www.booth-reese.biz/
4,3b3Aa4aCc68f3Be,Fernando,Ford,Moss-Maxwell,Leeborough,Macao,(047)752-3122,048.779.5035x9122,adeleon@hubbard.org,2020-11-29,http://www.hebert.com/
5,D60df62ad2ae41E,Kara,Woods,Mccarthy-Kelley,Port Jacksonland,Nepal,+1-360-693-4419x19272,163-627-2565,jesus90@roberson.info,2022-04-22,http://merritt.com/
6,8aaa5d0CE9ee311,Marissa,Gamble,Cherry and Sons,Webertown,Sudan,001-645-334-5514x0786,(751)980-3163,katieallison@leonard.com,2021-11-17,http://www.kaufman.org/
7,73B22Ac8A43DD1A,Julie,Cooley,"Yu, Norman and Sharp",West Sandra,Japan,+1-675-243-7422x9177,(703)337-5903,priscilla88@stephens.info,2022-03-26,http://www.sexton-chang.com/
8,DC94CCd993D311b,Lauren,Villa,"French, Travis and Hensley",New Yolanda,Fiji,081.226.1797x647,186.540.9690x605,colehumphrey@austin-caldwell.com,2020-08-14,https://www.kerr.com/
9,9Ba746Cb790FED9,Emily,Bryant,"Moon, Strickland and Combs",East Normanchester,Seychelles,430-401-5228x35091,115-835-3840,buckyvonne@church-lutz.com,2020-12-30,http://grimes.com/
10,aAa1EDfaA70DA0c,Marie,Estrada,May Inc,Welchton,United Arab Emirates,001-648-790-9244,973-767-3611,christie44@mckenzie.biz,2020-09-03,https://www.salinas.net/
11,bf104C25d0BA4E1,Nichole,Cannon,Rios and Sons,West Devon,Burundi,0647787401,139.476.1068,blandry@henson-harris.biz,2021-04-26,http://www.humphrey.org/
12,bf2fA37cbAd7dDc,Bernard,Ritter,Bradford and Sons,West Francisco,Palau,292.313.1902,(065)075-0554,tammiepope@arroyo-baldwin.com,2022-01-19,http://sellers.biz/
13,4fa8ffcdBbf53bB,Darryl,Archer,Kerr-Cherry,Holtfurt,Uganda,(389)437-1716,092.364.7349x593,woodalejandro@skinner-sloan.biz,2022-04-18,https://www.daniels.com/
14,aBd960429ecd363,Ryan,Li,"Hooper, Cross and Holt",Batesville,Liechtenstein,001-119-787-0125x4500,001-477-254-3645,lmassey@duke.com,2021-03-06,http://nunez.com/
15,2a0c691Ce19C6f3,Vicki,Nunez,"Leonard, Galvan and Blackburn",Barbaraborough,Haiti,(217)474-0312,(098)195-0840x79579,zgrant@sweeney.com,2022-01-30,https://reynolds.com/
16,B58fecf82f997Dd,Sean,Townsend,Preston-Sosa,Velasquezberg,Iran,001-534-283-5153,5786415664,lkline@maxwell.info,2020-05-30,http://www.vargas.biz/
17,41d0201DcF028b5,Sophia,Mathis,Richard-Velasquez,Toddhaven,Switzerland,001-858-762-7896x916,274-147-4185x15182,brockmason@faulkner-may.com,2020-01-23,http://www.vaughn.com/
18,B1A1b09CD5C3b6a,Helen,Potts,"Rangel, Livingston and Patel",Douglasland,Seychelles,(140)862-2659,+1-875-299-7166,carrollmia@donovan-keith.com,2021-07-27,http://www.kennedy-edwards.biz/
19,ba5a73D210dCcE4,Joann,Finley,Harvey PLC,Barrettshire,Montserrat,(941)715-8720x950,155.433.4824x955,gabriela86@sampson.com,2022-04-11,http://www.harrell.com/
20,F6cD561cecdfA6d,Thomas,Walsh,Best-Thomas,Roblesport,Kiribati,679.326.0724,001-305-038-6009,timcoleman@frank-king.org,2020-09-11,http://www.kane.com/
21,dEb9310eec04a8D,Cristina,Lam,Watts-Allison,West Jocelynfort,Korea,4292705811,(086)253-7505x70576,charlotte16@hood-zhang.org,2020-01-04,http://whitehead.net/
22,ed3894D6DE7F711,Vicki,Heath,"Cherry, Schultz and Ruiz",Port Cameronbury,Bangladesh,(889)311-5580x6390,(260)437-9972,alan46@benjamin.com,2020-11-06,https://www.bird.com/
23,EFeFaC727F12CDF,Glenn,Wang,Warner-Hodge,West Rachael,Gabon,834.104.6424x8311,001-741-628-9295,anna80@mata.com,2022-01-01,http://brooks-kerr.com/
24,c5CB6C5bFB91fdC,Darius,Benitez,Giles LLC,Mejiashire,Jersey,+1-797-864-3151x25142,139-216-5379x6030,garrettdurham@olsen.com,2022-02-28,https://washington.com/
25,C30B3E82E8D89cC,Xavier,Cruz,Wiley Ltd,Mindyborough,Latvia,019-418-8625x65148,343.078.5725x91296,andersongrant@pugh.com,2020-02-07,https://www.cohen.info/
26,3d7bE19696ea8Ff,Douglas,Galloway,Duffy Inc,Eileenbury,Mongolia,+1-205-528-2409x137,8018224814,caleb11@velazquez.com,2021-10-24,http://www.mcneil.net/
27,A093aA90fa014FE,Phyllis,Becker,Oneal and Sons,East Andre,Bouvet Island (Bouvetoya),+1-321-505-4969,(756)521-2942,darrylshort@bright-tucker.com,2020-07-02,https://www.farrell.com/
28,a470984c5dBfcC4,Ebony,Murphy,Barry-Martinez,Atkinsfurt,Vanuatu,772-492-3142,(877)635-9717,vpowers@moyer.com,2020-02-17,http://www.dorsey.com/
29,b1d4abfbCb67feE,Tyler,Stevenson,Burns and Sons,North Joannashire,Sri Lanka,001-239-175-8518x52340,596.077.7972x616,mmayo@gilbert.com,2022-03-02,http://www.fry.org/
30,d667bCC84Ff45Bb,Cesar,Bernard,Potter-Ho,Mccormickville,Iraq,165-366-3660x432,+1-579-640-2940x529,damon31@grant-morrison.com,2021-09-04,https://bryan-walters.com/
31,Ccb07E00AFf32bA,Darrell,Santos,Boone-Dawson,Lake Dwayne,Liechtenstein,001-604-858-6371,+1-961-236-3156x46913,hdaniels@mason.com,2021-11-04,http://hammond.com/
32,bd04F2A7BD4F730,Amanda,Santiago,Roberts-Heath,Benjaminchester,United Arab Emirates,218-803-3440x413,1810375857,emmarasmussen@roman-walter.biz,2021-05-06,http://gillespie.com/
33,f1157011c5eDbEB,Marcus,Mcdonald,Hays-Howell,East Brad,Azerbaijan,828.230.1201x748,+1-044-143-4194x927,cesar71@vang-wagner.com,2020-06-25,https://www.williams-mclaughlin.org/
34,7c4c673af703a09,Lauren,Montes,Cohen-Copeland,Tonyville,Armenia,001-999-585-7539x536,838-203-4008x6959,hodgebrenda@roach-winters.com,2021-05-06,https://www.garcia.com/
35,E7D7e40Cf3A03a2,Brent,Hinton,"Petersen, Blackburn and Meyers",Tommyland,Mexico,210.072.7539x0111,+1-043-299-6429,greg77@patel.biz,2021-12-03,http://aguirre.biz/
36,B98BacEebC40DBb,Jill,Mayo,"Woodard, Haas and Mason",Port Carlside,Cuba,+1-160-747-3624x8230,720-580-6452,brandypowers@christensen.com,2020-10-04,http://briggs-johnston.com/
37,d1c0dFab10a8383,Herbert,Byrd,Sheppard-Dougherty,Kimmouth,South Georgia and the South Sandwich Islands,(969)981-1275x78285,802.783.5805,gilloscar@webb.com,2020-02-09,https://www.rowland-lyons.com/
38,f21D2faCa0760A8,Don,Krueger,"Cortez, Hester and Villegas",Melendezland,Guinea,377-366-1889x912,001-379-218-7545x445,trevor14@harvey.com,2020-03-02,http://www.combs.com/
39,11F97CBDd2C8de9,Cheryl,Gonzales,Walton-Drake,Pittmanmouth,Kenya,9016149714,494.355.0333,yvette30@haas-oneill.org,2020-02-26,http://www.tran-juarez.net/
